Time,X,Y,Speed
0.0,-382.97111761910026,1225.0940211638726,286.16
0.069,-380.0,1288.0,286.84999936
0.184,-373.7680765764587,1418.5545980084244,288.0
0.309,-367.0,1560.0,289.1718744
0.504,-360.56459557166465,1696.3428378884669,291.0
0.729,-355.0,1818.0,292.4062512
0.824,-351.6445138589595,1891.5834855123016,293.0
0.949,-347.0,1996.0,293.88967865189215
1.105,-342.1184664253354,2115.88615466975,295.0
1.109,-342.0,2119.0,295.0333312
1.409,-333.0,2365.0,297.53333333333336
1.465,-330.9794134977134,2411.2374546297774,298.0
1.569,-327.0,2497.0,298.0
1.728,-321.0,2629.0,298.0
1.785,-318.92443500644526,2676.0424849016936,298.0
2.048,-309.0,2895.0,299.46111004444447
2.145,-304.4785212561719,2979.9862300038667,300.0
2.208,-302.0,3028.0,300.3937488
2.305,-299.7020227459976,3081.5278933347513,301.0
2.388,-298.0,3125.0,301.34583253333335
2.545,-292.81463390299024,3240.2265579199457,302.0
2.628,-289.0,3326.0,302.5187488
2.705,-284.7834285777461,3423.960814055871,303.0
2.848,-277.0,3612.0,303.4874993454545
3.248,-269.0,3849.0,304.8511357090909
3.448,-262.0,4018.0,305.5329538909091
3.585,-256.17536667733316,4180.460717017621,306.0
3.668,-253.0,4272.0,306.165999616
4.048,-244.0,4528.0,306.925999616
4.228,-239.0,4681.0,307.285999616
4.428,-233.0,4852.0,307.685999616
4.585,-227.80409063151828,4988.972929723451,308.0
4.608,-227.0,5012.0,308.05749952
4.909,-216.0,5372.0,308.80999936
4.985,-213.49167450505774,5451.311664258676,309.0
5.225,-206.607385101696,5650.20967761051,309.0
5.329,-204.0,5724.0,309.0
5.625,-197.46670132522186,5916.637313822341,309.0
5.689,-196.0,5965.0,309.0
5.849,-192.0,6102.0,309.0
6.024,-186.67676963775654,6261.739826226548,309.0
6.169,-183.0,6393.0,309.0
6.224,-182.08909884126984,6441.176109923063,309.0
6.289,-181.0,6501.0,309.0
6.504,-174.48544587787998,6748.633110177757,309.0
6.589,-172.0,6837.0,305.9305578666667
6.864,-167.2040835558167,7019.6585267259325,296.0
7.029,-164.0,7125.0,283.10938
7.184,-159.67727217971395,7250.536448601533,271.0
7.209,-159.0,7270.0,267.1458037333333
7.329,-156.0,7356.0,248.64580373333334
7.424,-153.6369148739368,7420.386916461366,234.0
7.569,-150.0,7513.0,224.9937876347377
7.585,-149.60170370723313,7522.681162323829,224.0
7.729,-146.0,7606.0,207.2
7.945,-140.21147324848505,7726.201457536493,182.0
7.989,-139.0,7750.0,182.0
8.225,-132.31591773418003,7871.875219054328,182.0
8.268,-131.0,7892.0,174.32146285714285
8.448,-125.0,7968.0,142.1786057142857
8.505,-122.88324502977925,7989.832787347903,132.0
8.688,-115.0,8054.0,125.59500672
8.705,-114.13948813551781,8059.606898632641,125.0
8.908,-102.0,8122.0,113.0045568
9.108,-86.0,8175.0,101.18637498181818
9.145,-82.36880966633449,8184.147622205446,99.0
9.328,-62.0,8226.0,92.7093816
9.465,-46.046498250193665,8252.151487653871,88.0
9.548,-32.0,8269.0,85.57917226666666
9.705,7.2013433793380885,8305.744707225162,81.0
9.748,17.0,8314.0,80.69285851428572
9.985,49.728400914366595,8334.766598087608,79.0
10.108,66.0,8339.0,75.5406304
10.305,102.96609379785465,8345.585359316161,70.0
10.388,119.0,8347.0,68.703128
10.508,142.0,8346.0,66.828128
10.625,173.00908337702782,8337.025503535318,65.0
10.768,211.0,8322.0,64.28500096
10.825,221.26699862640265,8317.5801137485,64.0
11.025,237.27934622059723,8308.292140161819,64.0
11.168,251.0,8298.0,64.0
11.185,253.31018990966083,8296.325831028555,64.0
11.349,280.0,8277.0,64.81999872
11.385,285.44825548066103,8272.844333572366,65.0
11.609,317.0,8246.0,68.73333333333333
11.625,319.6558552215596,8243.555383710445,69.0
11.869,364.0,8201.0,74.48999424
12.025,383.7720368221602,8181.317404483218,78.0
12.209,404.0,8160.0,82.6
12.225,406.0877387705881,8157.743607987529,83.0
12.369,429.0,8133.0,86.0
12.465,452.1362421202971,8108.806812862167,88.0
12.689,512.0,8047.0,98.30963171317694
12.704,514.6481571107611,8044.225804396257,99.0
13.029,554.0,8009.0,109.56249792
13.104,575.8888841540436,7993.846418750041,112.0
13.349,675.0,7931.0,117.01136232727272
13.544,740.7951399676217,7900.995852542834,121.0
13.769,803.0,7883.0,125.82143268571429
13.824,817.076226956138,7879.527560272563,127.0
14.065,875.8527965630051,7868.449722770314,134.0
14.189,913.0,7865.0,138.6499904
14.305,954.1972898568982,7863.096292439466,143.0
14.369,978.0,7863.0,143.8
14.465,1013.7320688181824,7864.485205841825,145.0
14.609,1076.0,7871.0,150.04
14.665,1106.796035214691,7875.19460872567,152.0
14.848,1215.0,7892.0,156.0031208
14.985,1268.9639242141573,7901.326438744375,159.0
15.145,1316.738767738932,7911.320345410868,170.0
15.188,1333.0,7915.0,171.46590254545455
15.468,1466.0,7948.0,181.0113570909091
15.585,1520.1105664495792,7964.205663648181,185.0
15.628,1544.0,7972.0,186.50499328
15.785,1658.9433927415262,8011.236849141354,192.0
15.848,1707.0,8026.0,194.624992
16.025,1828.8480486683848,8053.832824331881,202.0
16.225,1941.5793297410562,8067.221957487921,208.0
16.268,1962.0,8069.0,208.42999808
16.425,2025.0510779389533,8072.339897997764,210.0
16.665,2118.0835160020833,8070.381569939789,216.0
16.688,2130.0,8070.0,216.718744
16.825,2212.4321021953183,8066.840334596935,221.0
16.848,2228.0,8066.0,221.5749952
17.105,2419.580568459503,8050.603827833645,228.0
17.148,2446.0,8048.0,228.71666346666666
17.345,2529.690092574476,8037.966012665548,232.0
17.508,2600.0,8027.0,234.71666346666666
17.585,2646.2526547393527,8019.636976508738,236.0
17.668,2703.0,8010.0,237.72916266666667
17.825,2818.1990248137417,7987.576229804486,241.0
17.829,2821.0,7987.0,241.071424
18.049,2966.0,7956.0,245.0
18.105,3007.2405231688467,7947.51066365648,246.0
18.345,3200.3547433672243,7909.475149856312,250.0
18.409,3243.0,7901.0,250.8
18.665,3377.0972945247545,7873.3556054800865,254.0
18.709,3408.0,7867.0,254.7857097142857
18.945,3637.957990257686,7820.239017744146,259.0
19.029,3718.0,7804.0,259.83999744
19.145,3812.7317321636974,7784.759356772534,261.0
19.449,4019.0,7743.0,264.4584762958219
19.869,4334.0,7680.0,269.23663142370106
20.024,4381.83308352591,7669.989439517446,271.0
20.129,4421.0,7662.0,271.8750016
20.264,4509.372118604892,7644.588721540866,273.0
20.424,4641.059542927642,7618.760941465034,275.0
20.449,4660.0,7615.0,275.12437894586685
20.609,4780.0,7591.0,275.92039808598787
20.625,4794.388215344487,7588.149553027313,276.0
20.869,5045.0,7539.0,277.7428553142857
20.905,5072.136790422306,7533.656754019847,278.0
21.105,5166.377778275152,7514.90275359505,280.0
21.189,5212.0,7506.0,280.29999908571426
21.385,5363.313539551289,7477.019227901121,281.0
21.468,5427.0,7465.0,281.34583253333335
21.625,5528.543170442094,7446.194940756762,282.0
21.748,5643.0,7425.0,283.0249984
21.865,5809.544702657444,7393.919392271679,284.0
21.908,5868.0,7383.0,283.8656256
22.185,6092.525611291856,7341.119819095254,283.0
22.345,6168.619010199891,7327.24811226328,283.0
22.348,6170.0,7327.0,283.0
22.505,6240.866062520918,7314.449492632006,283.0
22.608,6305.0,7303.0,281.0687536
22.825,6521.008544737468,7263.7716283609625,277.0
22.988,6673.0,7236.0,261.718768
23.145,6758.026809208967,7220.388720349483,247.0
23.368,6837.0,7206.0,216.3375264
23.545,6932.493903372669,7188.152298079598,192.0
23.568,6947.0,7185.0,189.843768
23.705,7043.073436153876,7161.417758182561,177.0
23.828,7126.0,7137.0,170.4656352
24.025,7221.184379440621,7098.264036242294,160.0
24.188,7274.0,7071.0,151.8500096
24.225,7283.68990032119,7065.889771376121,150.0
24.465,7332.093774787158,7036.964933299115,143.0
24.529,7347.0,7025.0,140.2
24.625,7372.989549719074,7001.887456820512,136.0
24.825,7431.977574077631,6942.483356776607,131.0
24.869,7442.0,6931.0,130.26667093333333
25.065,7470.842605148122,6889.026743735509,127.0
25.209,7483.0,6842.0,123.4
25.469,7497.0,6708.0,116.9000064
25.505,7497.71378149819,6695.8089818921,116.0
25.705,7495.905852514047,6665.457754553099,114.0
25.789,7493.0,6650.0,114.0
25.865,7489.452124110101,6629.721785195052,114.0
26.024,7479.6970927591965,6575.874712568605,115.0
26.049,7478.0,6568.0,115.3125024
26.264,7458.209633643704,6503.6290312766305,118.0
26.289,7454.0,6494.0,118.41666986666667
26.504,7401.334418198724,6390.453480628268,122.0
26.569,7390.0,6368.0,122.97500288
26.904,7381.498912776489,6347.978128535914,128.0
26.969,7367.0,6332.0,129.2187536
27.064,7331.343228105719,6292.115187140097,131.0
27.169,7290.0,6246.0,134.92116587193425
27.305,7264.370019710222,6218.757076725244,140.0
27.469,7243.0,6200.0,144.91999232
27.505,7234.1295870778795,6191.973068560132,146.0
27.669,7182.0,6145.0,153.37998848
27.705,7171.105180549652,6135.568509386587,155.0
27.988,7072.0,6059.0,165.6124928
28.025,7049.881195722863,6043.0044910241595,167.0
28.168,6956.0,5976.0,174.86498944
28.225,6928.450260830162,5956.580530587964,178.0
28.505,6860.6649708257355,5910.68027070652,183.0
28.548,6848.0,5902.0,184.7468672
28.768,6753.0,5835.0,193.6843672
28.825,6717.411898581768,5809.028615219038,196.0
29.025,6585.403117670356,5711.050858275552,203.0
29.028,6584.0,5710.0,203.0749952
29.308,6511.0,5653.0,210.0749952
29.385,6481.794405896711,5629.110776036961,212.0
29.545,6403.956037255471,5564.390372416178,217.0
29.568,6393.0,5555.0,217.5749952
29.808,6285.0,5457.0,223.5749952
29.905,6241.5559327558,5414.013082761872,226.0
30.028,6189.0,5359.0,227.0249984
30.145,6144.687065634724,5309.048547513836,228.0
30.188,6127.0,5288.0,228.5374976
30.465,5989.713077999751,5113.826137082126,232.0
30.488,5980.0,5101.0,232.34499712
30.665,5922.794253934198,5022.461165600028,235.0
30.865,5865.816108366641,4934.903943892822,236.0
30.888,5857.0,4921.0,236.16428434285714
30.989,5815.0,4854.0,236.88571245714286
31.145,5765.762720784171,4771.210283055904,238.0
31.309,5713.0,4685.0,226.87144594285715
31.425,5657.992214904722,4602.723381040727,219.0
31.549,5600.0,4520.0,212.11112533333335
31.785,5537.461712797179,4444.584012632322,199.0
31.869,5513.0,4421.0,195.26667804444443
32.049,5443.0,4358.0,187.26666666666665
32.145,5404.237205533573,4327.748786367317,183.0
32.229,5370.0,4304.0,181.25000533333332
32.509,5250.0,4240.0,175.416672
32.625,5198.07558701117,4221.156258451284,173.0
32.769,5132.0,4204.0,171.79665673804482
32.984,5030.130335951684,4190.010388815643,170.0
33.009,5018.0,4189.0,170.446432
33.109,4969.0,4186.0,172.23214171428572
33.264,4893.104241171228,4184.843298776825,175.0
33.309,4871.0,4185.0,175.2812496
33.509,4772.0,4187.0,176.5312496
33.584,4734.576238658419,4187.7191220619725,177.0
33.729,4663.0,4189.0,181.5218337043824
33.989,4533.0,4189.0,189.62993059262647
34.065,4484.270537149323,4185.524359781693,192.0
34.225,4372.320466692512,4173.471963966456,196.0
34.289,4338.0,4169.0,196.17777777777778
34.548,4253.0,4151.0,196.8972216888889
34.585,4237.925946959886,4146.591235232418,197.0
34.785,4131.126060618341,4112.468223861056,200.0
34.888,4075.0,4091.0,201.8392822857143
34.968,4034.0,4073.0,203.2678537142857
35.065,3984.409034976083,4048.4372587546577,205.0
35.268,3884.0,3991.0,210.0749952
35.305,3867.1961320083155,3980.6208237059,211.0
35.488,3780.0,3917.0,213.2874976
35.545,3744.044608805028,3884.4232379480404,214.0
35.728,3624.0,3765.0,217.92142445714285
35.825,3589.621057096472,3728.323873783745,220.0
36.028,3553.0,3679.0,222.5374976
36.065,3542.513942557949,3664.3497146231457,223.0
36.265,3467.1393288621125,3557.766482358497,226.0
36.308,3451.0,3534.0,227.0749952
36.425,3409.793003428543,3471.081792943649,230.0
36.468,3395.0,3448.0,230.7678537142857
36.705,3313.7217052454034,3317.869844041245,235.0
36.728,3306.0,3305.0,234.91785782857144
36.928,3240.0,3192.0,234.20357211428572
36.985,3221.037766061538,3159.9779283242783,234.0
37.088,3187.0,3103.0,231.4250048
37.145,3168.782501327905,3072.352634609472,230.0
37.328,3113.0,2979.0,206.3625248
37.385,3096.242260035142,2951.867498581674,199.0
37.508,3061.0,2897.0,185.1625216
37.705,3007.071911113435,2821.548237795988,163.0
37.849,2970.0,2771.0,152.65
37.889,2960.0,2757.0,149.775
38.025,2921.665133130322,2706.9554751765754,140.0
38.225,2861.15373758949,2634.8553057591485,128.0
38.269,2850.0,2622.0,126.3000098909091
38.665,2779.025615424899,2548.941012932675,111.0
38.709,2771.0,2542.0,109.0750112
38.825,2747.9439874844693,2523.091191491691,104.0
38.909,2726.0,2509.0,102.4250048
38.985,2700.362733609015,2496.0482340344015,101.0
39.149,2642.0,2472.0,97.23382482858949
39.429,2597.0,2461.0,90.80375962071366
39.464,2590.2651774245865,2460.235871523835,90.0
39.664,2540.9777175993677,2456.379108068887,87.0
39.729,2526.0,2457.0,85.984372
39.889,2494.0,2464.0,83.484372
39.984,2474.103747250057,2472.0305701482453,82.0
40.049,2461.0,2479.0,80.3749952
40.289,2422.0,2513.0,74.3749952
40.304,2419.8899793808423,2515.401929388468,74.0
40.465,2399.1256110766412,2542.493660492603,74.0
40.509,2394.0,2550.0,74.1374992
40.729,2371.0,2588.0,74.825
40.785,2365.275685965033,2598.384418069627,75.0
40.969,2347.0,2634.0,77.3
41.025,2341.9838850422507,2644.6966723606656,78.0
41.108,2335.0,2661.0,78.7781232
41.308,2320.0,2705.0,80.6531232
41.345,2317.556860115952,2712.867661755222,81.0
41.505,2308.208628035629,2745.6527377947514,85.0
41.548,2306.0,2755.0,85.5374976
41.665,2300.6165474982836,2782.2500997590173,87.0
41.788,2296.0,2812.0,90.51428022857142
41.945,2291.7787479050694,2850.245547278557,95.0
41.988,2291.0,2863.0,95.64499712
42.145,2289.630115706254,2922.113631809275,98.0
42.288,2290.0,2975.0,103.16388195555555
42.505,2292.8503673490995,3023.806402148772,111.0
42.668,2297.0,3060.0,117.26922338461539
42.948,2308.0,3153.0,128.03845415384615
43.025,2311.46854137005,3179.0340192933,131.0
43.108,2316.0,3210.0,134.73499136
43.348,2337.0,3333.0,145.53499136
43.425,2345.442640713373,3376.469367624189,149.0
43.748,2378.0,3528.0,160.30499328
43.825,2380.3878945272095,3538.435929990538,163.0
43.985,2384.1380131654264,3554.5252556657606,168.0
44.008,2386.0,3563.0,169.37998848
44.185,2413.241970033085,3688.359697495699,180.0
44.329,2437.0,3798.0,186.6
44.425,2447.2322951475253,3845.187180296693,191.0
44.705,2463.6845629984873,3923.4375406252,201.0
44.709,2464.0,3925.0,201.08181294545454
44.969,2493.0,4064.0,206.4
45.145,2524.1032888269833,4191.941578104257,210.0
45.209,2536.0,4241.0,212.5142857142857
45.425,2574.4376544264765,4407.873618319158,221.0
45.609,2600.0,4523.0,224.83333333333334
45.665,2605.66007435454,4548.563981429041,226.0
45.905,2622.7626680878734,4628.064925056736,233.0
45.989,2632.0,4674.0,234.4058545854564
46.144,2656.4798845615605,4798.310809456675,237.0
46.269,2677.0,4907.0,240.1249984
46.304,2682.0379469216437,4934.928912321755,241.0
46.689,2721.0,5181.0,246.2500026181818
46.744,2725.2966934228834,5210.348518369876,247.0
46.905,2736.6159824043243,5289.761807065765,250.0
47.065,2745.809473467024,5388.676644964373,250.0
47.089,2747.0,5407.0,248.8
47.329,2755.0,5613.0,236.8
47.385,2755.0571057615402,5649.141068716942,234.0
47.629,2746.0,5760.0,216.80910894545454
47.825,2727.494464407478,5870.602317277893,203.0
47.868,2722.0,5895.0,200.312512
48.048,2694.0,5991.0,189.062512
48.225,2663.044283312914,6077.4962667604605,178.0
48.248,2659.0,6088.0,176.73501056
48.425,2628.3058289824166,6162.5105097897585,167.0
48.585,2592.5635034689517,6231.052191422323,161.0
48.608,2586.0,6242.0,159.9545541818182
48.848,2506.0,6360.0,149.04546327272726
49.268,2424.0,6451.0,129.95455418181817
49.465,2375.0530445656163,6497.16298228909,121.0
49.468,2374.0,6498.0,120.8781328
49.688,2282.0,6562.0,111.9406328
49.785,2256.9807739993576,6577.814336982239,108.0
50.025,2229.562739151702,6588.900980648887,97.0
50.068,2221.0,6592.0,96.16389262222222
50.168,2196.0,6601.0,94.21944817777778
50.385,2144.457317568501,6612.448012923005,90.0
50.408,2139.0,6613.0,89.4250048
50.665,2076.8586878430974,6611.037520841162,83.0
50.709,2067.0,6609.0,82.312504
50.909,2027.0,6594.0,79.187504
50.985,2013.8510116473421,6587.036063675781,78.0
51.169,1982.0,6561.0,75.24
51.185,1978.7260380627858,6557.358969218876,75.0
51.329,1949.0,6520.0,74.1
51.345,1946.512393263904,6516.665781697956,74.0
51.585,1930.4476570820555,6489.878887543187,70.0
51.649,1927.0,6482.0,70.0
51.785,1916.7046313677629,6458.5469780941185,70.0
51.929,1905.0,6429.0,72.57142857142857
52.065,1896.591785248988,6401.798941482185,75.0
52.109,1894.0,6393.0,75.91666133333334
52.305,1882.2268761804153,6352.858426797632,80.0
52.309,1882.0,6352.0,80.0499968
52.465,1873.8180414999576,6316.961323738031,82.0
52.609,1867.0,6284.0,86.06269837002534
52.784,1859.0817285587868,6244.406331672595,91.0
52.849,1856.0,6226.0,93.97917546666666
53.024,1847.1938334072586,6163.772320171962,102.0
53.049,1846.0,6155.0,103.12500864
53.224,1838.5228104091796,6100.019867157996,111.0
53.424,1831.731300232441,6048.769424427077,119.0
53.449,1831.0,6043.0,120.0903504007873
53.745,1823.8849701393256,5981.824488383112,133.0
53.869,1820.0,5946.0,140.749984
53.905,1818.65104944365,5933.496065135401,143.0
54.065,1811.8019883566908,5868.974120147464,147.0
54.109,1810.0,5851.0,149.56665173333334
54.305,1802.1484183096825,5767.551218890723,161.0
54.308,1802.0,5766.0,161.0749952
54.465,1792.69915141276,5670.437752840771,165.0
54.528,1789.0,5630.0,168.4124896
54.705,1780.388258894388,5521.143329447026,178.0
54.928,1773.0,5411.0,184.3714230857143
54.985,1771.6705083469194,5391.366353012425,186.0
55.225,1766.7475610129486,5316.942021609181,196.0
55.248,1766.0,5305.0,196.80499328
55.425,1758.063128856913,5175.522385803946,203.0
55.588,1751.0,5058.0,207.0749952
55.665,1748.8775216329084,5021.755386881895,209.0
55.868,1745.0,4952.0,213.613632
56.105,1737.2333732794132,4813.647639285222,219.0
56.188,1734.0,4761.0,221.48999424
56.288,1730.0,4699.0,224.48999424
56.305,1729.3515817916455,4688.404268685441,225.0
56.505,1722.6709931749192,4562.948918173247,228.0
56.528,1722.0,4549.0,228.22999808
56.705,1717.2113506508906,4442.977519144666,230.0
56.768,1715.0,4396.0,231.5749952
57.025,1702.8570144132873,4153.469992641472,238.0
57.048,1702.0,4136.0,238.16428434285714
57.305,1696.7495402928362,4017.374586525236,240.0
57.389,1695.0,3976.0,240.0
57.465,1692.964839083336,3929.2042958639895,240.0
57.589,1689.0,3842.0,244.1333248
57.705,1685.0144899824677,3761.480351650395,248.0
57.849,1680.0,3664.0,249.8
57.865,1679.4615448365682,3653.375200407785,250.0
58.029,1674.0,3544.0,255.124992
58.169,1669.0,3443.0,259.5
58.185,1668.4384654125959,3431.684687929377,260.0
58.345,1663.0592476799302,3322.3536422480856,263.0
58.409,1661.0,3276.0,263.96
58.545,1656.7492244801058,3169.6904254790097,266.0
58.569,1656.0,3151.0,266.2
58.785,1649.1288671897819,2990.305816042137,268.0
58.849,1647.0,2943.0,268.6857142857143
59.065,1639.5019003222187,2780.3419246519893,271.0
59.109,1638.0,2747.0,271.8249952
59.225,1634.1450003504692,2659.1040356146427,274.0
59.289,1632.0,2611.0,274.3565461516904
59.429,1627.0,2504.0,275.13648943232863
59.584,1620.154319818511,2360.38711863057,276.0
59.709,1614.0,2232.0,278.0833322666667
59.824,1608.1492061336364,2110.227983462195,280.0
60.089,1596.0,1859.0,281.65109055137265
60.145,1594.2499024784006,1823.392927749244,282.0
60.465,1587.1197287465384,1680.4654312834548,284.0
60.469,1587.0,1678.0,284.01999872
60.629,1581.0,1553.0,284.81999872
60.865,1567.2295540695357,1264.2605138251204,286.0
60.908,1565.0,1219.0,286.1194439111111
61.225,1555.0436586013468,1040.8230755363393,287.0
61.388,1550.0,948.0,287.0
61.425,1548.5877404239718,920.0378168158809,287.0
61.488,1546.0,869.0,287.0
61.665,1537.9454209655996,727.0482607319096,287.0
61.828,1531.0,599.0,275.45418026666664
61.905,1528.334687754729,539.4618174688587,270.0
62.048,1523.0,433.0,256.29585173333334
62.088,1521.0,405.0,252.4625184
62.145,1518.6606734594366,366.0191182307928,247.0
62.305,1515.9639809305963,260.0706138526777,224.0
62.408,1517.0,184.0,214.9875168
62.625,1525.822375915357,6.186895235144803,196.0
62.628,1526.0,4.0,195.79001344
62.825,1540.7943666187202,-112.0319977433559,182.0
63.068,1563.0,-206.0,172.05909876363637
63.265,1579.8037604666802,-267.2874417627767,164.0
63.425,1597.590354274047,-315.5937634866811,156.0
63.468,1604.0,-330.0,154.9250048
63.625,1632.5310084779842,-386.14156147393356,151.0
63.648,1637.0,-394.0,150.61666986666665
63.808,1672.0,-445.0,147.9500032
63.865,1689.8592340886544,-463.79037752419686,147.0
64.105,1789.7837706359774,-543.0755139111283,141.0
64.169,1812.0,-558.0,141.17777777777778
64.429,1877.0,-591.0,141.8999992888889
64.465,1886.7462092911837,-595.2670104802947,142.0
64.625,1936.6505305988373,-616.9007893372329,144.0
64.829,2026.0,-645.0,147.8249952
64.945,2092.36609563611,-658.6417400075442,150.0
64.989,2115.0,-663.0,151.0999936
65.145,2170.4666457736266,-673.916510532812,155.0
65.429,2278.0,-668.0,161.45453963636365
65.569,2397.0,-649.0,164.63636363636363
65.585,2409.2475725301165,-646.696314338435,165.0
65.865,2538.4770178293797,-608.0709692579866,172.0
66.009,2580.0,-590.0,176.62857142857143
66.145,2617.9001398104065,-574.2586302889315,181.0
66.304,2669.8446071039366,-549.7782712755762,187.0
66.389,2713.0,-524.0,188.5937488
66.464,2760.737989168394,-493.2806066079796,190.0
66.609,2860.0,-425.0,195.414940615483
66.705,2909.821262333527,-387.1275821800304,199.0
66.985,2995.381180423308,-302.6817233758869,204.0
67.069,3020.0,-275.0,206.79999146666665
67.225,3070.097030980428,-217.27725102787292,212.0
67.408,3132.0,-138.0,215.65999616
67.425,3137.6633912316906,-129.93214171781221,216.0
67.648,3210.0,-15.0,219.71666346666666
67.665,3215.283892903746,-5.842824321164176,220.0
67.825,3262.7153494631566,81.55559723675222,225.0
67.848,3269.0,94.0,225.47916266666667
68.048,3322.0,210.0,229.64582933333332
68.065,3327.347566746673,222.59504397547116,230.0
68.308,3415.0,438.0,233.47142582857143
68.345,3426.7456904762944,467.7155461912027,234.0
68.505,3469.06314666027,577.5256149117662,239.0
68.728,3527.0,711.0,242.71666346666666
68.745,3532.341388940974,721.6213814139339,243.0
68.945,3604.642356755255,850.8776595419266,246.0
69.108,3656.0,937.0,248.26388622222223
69.305,3691.3634960558197,996.428468921251,251.0
69.488,3754.0,1073.0,252.30714148571428
69.585,3819.2227424116636,1145.6652858825846,253.0
69.728,3921.0,1255.0,253.0
69.905,3978.9173788425896,1308.8191646971213,253.0
70.048,4022.0,1336.0,253.8937488
70.065,4029.5019891883308,1340.7842346410644,254.0
70.265,4149.905612668509,1415.9165342929082,252.0
70.308,4179.0,1432.0,252.0
70.569,4359.0,1513.0,252.0
70.585,4369.524575913961,1517.0712416141048,252.0
70.669,4424.0,1537.0,252.0
70.905,4582.9568256367975,1583.3835004879704,252.0
70.929,4599.0,1587.0,252.0857142857143
71.149,4743.0,1610.0,252.87142765714285
71.185,4766.392086897218,1612.3088122769245,253.0
71.369,4896.0,1615.0,253.0
71.425,4945.324815369541,1610.7405156855561,253.0
71.665,5172.1208966963995,1574.566060065617,254.0
71.669,5175.0,1574.0,254.01999872
71.865,5267.7303233200655,1550.8341360879328,255.0
72.025,5345.996571600152,1516.2584535890528,256.0
72.049,5364.0,1508.0,256.0
72.225,5538.568469168401,1426.361190297859,256.0
72.289,5600.0,1397.0,256.4
72.385,5677.77146889838,1358.9793222683843,257.0
72.669,5835.0,1279.0,258.57777635555556
72.745,5870.966182502676,1261.5324231434092,259.0
72.944,5960.047752748513,1220.2671979075944,251.0
73.049,6014.0,1195.0,241.18690381344072
73.249,6130.0,1139.0,222.49532620840301
73.265,6138.717360809811,1134.6257721142633,221.0
73.489,6248.0,1076.0,198.6
73.545,6273.919855149399,1060.6929895761361,193.0
73.629,6312.0,1037.0,187.96001536
73.745,6362.237735307868,1003.0573351094048,181.0
73.929,6435.0,947.0,169.96
73.945,6440.822181603866,942.0514146409414,169.0
74.105,6494.698591101181,891.8375896583407,162.0
74.148,6508.0,878.0,160.49500672
74.305,6552.237865285962,826.0168756313305,155.0
74.308,6553.0,825.0,154.9437536
74.465,6588.16941605016,770.4937368764669,152.0
74.568,6607.0,733.0,150.28333653333334
74.748,6633.0,664.0,147.28333653333334
74.825,6641.51648673132,633.681711522638,146.0
74.988,6655.0,569.0,140.29500672
75.025,6657.368260452384,554.4583593604327,139.0
75.168,6664.0,499.0,137.2125024
75.265,6665.9214609322,462.352186066714,136.0
75.328,6666.0,439.0,134.4250048
75.465,6662.921310962305,389.46423294600254,131.0
75.668,6651.0,318.0,127.828128
75.728,6646.0,297.0,126.890628
75.785,6640.347354360035,277.3898147323819,126.0
75.985,6613.833729684483,211.2713288398056,130.0
76.048,6604.0,191.0,131.25999616000001
76.185,6580.372572520005,147.59208305516776,134.0
76.228,6572.0,134.0,134.46071222857142
76.465,6518.679689453661,60.84332171691626,137.0
76.468,6518.0,60.0,137.08999424
76.648,6471.0,8.0,142.48999424
76.665,6464.285565376865,1.5250213857823205,143.0
76.865,6359.578999883628,-92.09028298281605,149.0
76.908,6341.0,-108.0,150.39749376
77.265,6263.128856304016,-164.26564364570254,162.0
77.269,6262.0,-165.0,162.1999872
77.425,6204.910780138379,-202.18742451693214,170.0
77.469,6184.0,-215.0,171.6499904
77.709,6042.0,-295.0,180.6499904
77.745,6020.656050813773,-306.5825197494341,182.0
78.089,5843.0,-400.0,195.76
78.145,5820.8787485722905,-411.46439464829666,198.0
78.305,5769.271726114897,-438.0659289431852,199.0
78.465,5718.465640237172,-464.3830884580853,205.0
78.549,5683.0,-483.0,207.51999232
78.665,5624.279010080442,-514.0141357802557,211.0
78.729,5590.0,-532.0,212.6
78.889,5505.0,-576.0,216.6
78.985,5455.570767440584,-601.6288845793977,219.0
79.129,5380.0,-641.0,224.4
79.145,5371.1008427908655,-645.6466146029013,225.0
79.349,5252.0,-708.0,230.0999936
79.545,5140.716001440601,-766.6811669123107,235.0
79.569,5127.0,-774.0,235.5142857142857
79.749,5023.0,-830.0,239.3714230857143
79.825,4979.86173730251,-853.1274775143909,241.0
79.985,4889.3145649092585,-901.7428118799619,243.0
79.989,4887.0,-903.0,243.083328
80.149,4792.0,-955.0,246.41666133333334
80.409,4634.0,-1041.0,251.83333333333334
80.465,4604.269234185888,-1057.389697116178,253.0
80.588,4540.0,-1093.0,255.45999616
80.665,4493.355664855132,-1118.650597616262,257.0
80.768,4427.0,-1155.0,258.47142582857145
80.945,4315.913856203718,-1215.941676173437,261.0
80.948,4314.0,-1217.0,261.0374976
81.128,4199.0,-1281.0,263.2874976
81.265,4122.544608172249,-1323.2035327968417,265.0
81.488,3960.0,-1413.0,267.38928365714287
81.545,3893.1772122867733,-1450.254598690714,268.0
81.648,3770.0,-1519.0,270.05999616
81.745,3694.8805501574334,-1560.7530528732095,272.0
81.985,3626.164323427711,-1598.5267890721832,274.0
82.048,3597.0,-1615.0,274.94499712
82.185,3507.1893366128447,-1666.0331173405657,277.0
82.228,3477.0,-1683.0,277.5374976
82.345,3397.290124714524,-1727.0139290519664,279.0
82.428,3341.0,-1758.0,279.7781232
82.608,3219.0,-1826.0,281.4656232
82.665,3184.124020088379,-1845.4422403591352,282.0
82.888,3027.0,-1933.0,284.7874976
82.905,3008.6606259191963,-1943.2507889976544,285.0
83.065,2802.282645520876,-2058.711594409051,286.0
83.108,2757.0,-2084.0,286.3071414857143
83.345,2646.302443928062,-2145.1401615836003,288.0
83.468,2596.0,-2173.0,289.84499712
83.545,2547.2240028529313,-2200.268907145998,291.0
83.649,2462.0,-2248.0,291.2888888888889
83.905,2198.8347067859763,-2394.9697279908555,292.0
83.929,2179.0,-2406.0,292.24
84.105,2080.4015201421053,-2460.42180288488,294.0
84.305,2000.1708309666747,-2504.971825035675,295.0
84.329,1986.0,-2513.0,295.0
84.489,1872.0,-2578.0,295.0
84.505,1860.2436132480163,-2584.696607807039,295.0
84.705,1716.952165796824,-2666.0086500839116,298.0
84.809,1643.0,-2708.0,298.0
84.865,1602.9883981702446,-2730.769323996373,298.0
85.029,1485.0,-2798.0,298.5857133714286
85.145,1400.8244966960458,-2845.8739949328415,299.0
85.189,1369.0,-2864.0,299.15714194285715
85.425,1199.4866049166906,-2960.9794773102394,300.0
85.449,1182.0,-2971.0,298.95
85.649,1037.0,-3054.0,290.2
85.745,974.0015264468508,-3089.7972650076167,286.0
85.809,926.0,-3117.0,276.4
85.945,790.7591573655862,-3193.6059036118318,256.0
86.069,684.0,-3254.0,238.7286070857143
86.225,639.7010575333625,-3278.8235553367695,217.0
86.329,621.0,-3289.0,209.85
86.385,603.6049852628222,-3298.518305008828,206.0
86.709,445.0,-3384.0,174.41002496
86.785,413.88477735682136,-3399.5683396578215,167.0
86.849,387.0,-3412.0,162.8
87.105,251.4521159550961,-3463.2207163836674,146.0
87.129,239.0,-3467.0,145.22
87.505,81.23853880787817,-3495.6886541206727,133.0
87.548,69.0,-3497.0,132.4625024
87.665,42.44738738458497,-3499.430701752585,131.0
87.825,14.517857005746784,-3500.2770851253304,127.0
87.888,0.0,-3500.0,126.10000274285714
88.105,-67.78485609877735,-3495.276670301637,123.0
88.188,-99.0,-3488.0,121.6795485090909
88.388,-177.0,-3457.0,118.49773032727273
88.545,-215.95979178723172,-3435.7243501956573,116.0
88.788,-264.0,-3390.0,118.0249984
88.905,-302.40620304350796,-3348.584288143209,119.0
88.968,-323.0,-3325.0,119.7874976
89.065,-350.7082268849689,-3290.5241739468083,121.0
89.385,-413.545326633375,-3193.7688213603487,126.0
89.388,-414.0,-3193.0,126.1124928
89.625,-443.2272981488137,-3140.120972825585,135.0
89.788,-462.0,-3101.0,139.88999424
89.825,-466.65896585830967,-3090.7903164950126,141.0
90.025,-491.69147164647694,-3031.8191470546158,141.0
90.028,-492.0,-3031.0,141.0
90.185,-505.71173740333217,-2990.0827292474432,141.0
90.209,-508.0,-2983.0,142.68
90.385,-528.6855368416395,-2917.320445392454,155.0
90.449,-537.0,-2882.0,159.8
90.545,-549.7189734429528,-2814.3278541642935,167.0
90.689,-566.0,-2709.0,169.4
90.785,-571.9482736033775,-2662.7424854481806,171.0
91.025,-574.5628649941036,-2601.343031647938,187.0
91.069,-575.0,-2587.0,187.0
91.185,-576.6446107557464,-2540.6139229342334,187.0
91.269,-577.0,-2487.0,190.89998811428572
91.465,-573.0870657062162,-2297.22102289534,200.0
91.469,-573.0,-2294.0,200.11999232
91.865,-566.1000802900676,-2144.871028469826,212.0
91.869,-566.0,-2143.0,212.11999232
92.029,-561.0,-2048.0,216.91999232
92.065,-559.5422820033837,-2022.961300088075,218.0
92.409,-543.0,-1769.0,228.51111111111112
92.425,-542.454695422214,-1760.034187421595,229.0
92.665,-536.5213402117441,-1649.0481562569125,234.0
92.709,-535.0,-1621.0,234.87999488
92.865,-527.4658054293625,-1487.501624691256,238.0
93.049,-518.0,-1322.0,241.68
93.065,-517.3662241093597,-1310.7505346833007,242.0
93.265,-512.0259487320358,-1212.9663504289667,242.0
93.469,-507.0,-1119.0,249.28570514285715
93.545,-504.22058588449386,-1068.3589846308912,252.0
93.629,-501.0,-1009.0,253.5749952
93.705,-498.37288322109373,-958.6694868743375,255.0
93.868,-492.0,-839.0,257.0374976
93.945,-487.38219347118604,-759.8069155689647,258.0
94.048,-481.0,-652.0,260.5749952
94.145,-476.7838498461278,-578.1225312819272,263.0
94.345,-471.87812679258184,-483.1125369917711,265.0
94.408,-470.0,-447.0,265.7874976
94.585,-463.172019984104,-318.65781632855686,268.0
94.708,-458.0,-224.0,270.0499968
94.825,-453.1345824254629,-136.4655748994665,272.0
94.828,-453.0,-134.0,272.0187488
95.128,-438.0,151.0,273.8937488
95.145,-437.3093516699804,164.04466927421376,274.0
95.425,-428.1178081607016,332.84971136951805,278.0
95.428,-428.0,335.0,278.0288443076923
95.608,-420.0,482.0,279.75961353846156
95.888,-409.0,692.0,282.45192123076924
95.945,-406.9039691915402,732.3045034001334,283.0
96.208,-396.0,945.0,285.4656232
96.265,-392.7251070062137,1010.7061985477972,286.0
96.425,-383.14610515078897,1205.9633706867141,287.0
96.428,-383.0,1209.0,287.01499904
96.546,-378.44865966590686,1305.8742722434365,287.60499968
